Name,Artist,Popularity,ID,Genres
Children,Constantin Nasiri,43,4bkF008iGKa7cJKUY08TG4,N/A
Time,Carlita,34,5ezPAd58QNujtVCzIflqpU,N/A
Million Miles Away,Miss Monique,54,4wDM0nGseA8k7Eh6fHMk5w,N/A
Everyone's Free (To Wear Sunscreen),HOVR,32,60pNZp0qEB5uoEWaiWeiX4,N/A
Queen,Melmont,35,21CNMJtj74DJdLSaPRowQp,N/A
RITMO,Argy,60,3ifvaAvaSYo1WDWXxAiv2A,N/A
Volar,Seba Campos,37,4LpDJe2tL9d9JmdYePkISA,N/A
Always - Monkey Safari Remix,RÜFÜS DU SOL,53,6hAII4Wyrr0eV4MmPnsTuY,N/A
Can You See,UOAK,0,37p0ugAfXrOeqJIgu1i7it,N/A
Montana,Jasch Patrick,30,4zmE0mMpI1IEWEWnmysqPl,N/A
Like Forever - Hernan Cattaneo and Kevin Di Serna Remix,El Mundo,40,2KXLXUoc4IvnF53qDJH3L7,N/A
Bulkowa - Wassu Remix,Arina Mur,34,25oLiAmLN6FE50wzf3AxbC,N/A
The Sun - Remix,Booka Shade,41,2U78GocR4PyTKHo7fe1JW3,N/A
Sensibilité,Marat Mode,32,47Zesz68LdAs8VlQmQAVLd,N/A
Hollow (feat. Bonn),MORTEN,66,7EdPWyTm6EtO5httz2Dcoa,N/A
In Your Eyes,Sonaba,38,22WMMLZ8uyJZ7yED5QdIsm,N/A
Brand New Day,Nico Morano,35,3JRJNomEZQx2ll73jrWnD3,N/A
Take Your Time - Budakid Remix,El Mundo,29,5NFy9NjWFJ9WM3fKFe7JAJ,N/A
Lissu,Wassu,31,77FpsyFq4vGchrHovA8EyU,N/A
Makeda,Alice DiMar,57,4kar5EtR271EvY3FIFsnJP,N/A
Infinity,Budakid,29,3zik1elmcr9X5RLZe1YLGu,N/A
A Dream - Sunrise Mix,Rïa Mehta,26,4uOzWm2JuSpEPScukQAwNR,N/A
Love Again,Eli & Fur,39,5vTD0GuutyInvNpOFxLCPi,N/A
Monday Blues - Pandhora Remix Radio Edit,Eric Sharp,42,19JfseCw15TUMEdclMy864,N/A
Everything I Know,Rønhöff,29,1JeOw9CyENClagN7P9SDrk,N/A
A Heart To Share - Edit,Fahlberg,36,5sDhPhgTftbE64s4DiVX56,N/A
Homesick - Niconé & David Hasert Remix,HOVR,0,5JZLvQAp8Qe9CWVvyG1MUz,N/A
Aria,Argy,66,5vFJOD9V4rHgTLWaBRGQ4N,N/A
Who Loves The Sun - Rodriguez Jr. Remix,Nu,45,0h9qrysd6qZzgVnrJdfZes,N/A
Told U So,Sinca,19,4hVsuc2erAJEErb9BtHUWP,N/A
Take Your Time - 2024 version,El Mundo,27,2VrwIrQLG8gagpgLYMif4C,N/A
Clear Your Mind - Radio Edit,Tobias Bergson,26,6To9vNauB6yfjZ0dy1CI83,N/A
More Love - Rampa &ME Remix,Moderat,64,70ofkwt6aIb4bPQ51OQMQO,N/A
Apollo,Hannes Bieger,37,0OIDeylwHYcoZUffmH8Gko,N/A
Montana - Marc Werner Remix,Jasch Patrick,26,4vDTiinasv87r27iHVN7dN,N/A
Like Forever,El Mundo,26,5LfsrBhrgR6Gkb3XG6UcpA,N/A
Confluence,Eric Sharp,26,6jbzig3XKIgDBvztJ58GZQ,N/A
Sierra,Argy,67,5c4gtyaea8i7H1BqRyb2Xp,N/A
To the Sea - Einmusik Remix,Booka Shade,46,6yCjfTARifCLjtZ611DWvA,N/A
Every Breath,Miss Monique,54,6mTWTcuOnCGktsCXeCEEjK,N/A
Dreaming - Casper Cole Remix Edit,Jordan Arts,23,2QlUkqLbDDxDpiMcW7OJrZ,N/A
Fall,David Ramano,30,51yZliM5NPTgRK5TKJYsR8,N/A
How to Get Lost,Henri Bergmann,34,5tWTZwUDixgTZ6T3eXg0VG,N/A
Sun is Dark,Sonaba,32,14DQ4ApIEFzN5Zf71AVlcA,N/A
Electric,Miss Monique,46,62piGIpUTsY8HA7tdjfLS8,N/A
Lost Dream - Tensnake Remix Edit,Aiwaska,28,2dIjcl3yoLdNjKUNolkXF0,N/A
Accent,Sandhog,33,5G1gJ0G25yOg3Gbk8apuzX,N/A
Daylight,Aalson,26,69jpeNIfqmHu09cqO1vMon,N/A
Bulkowa,Arina Mur,24,4JkoQ5lzo0bvQk13M0e7ch,N/A
Little Void,El Mundo,24,78gbnyzlunN48MgWrtjwAb,N/A
Bohn - Original Mix,Lucefora,25,0l9NuhFscO4RKhLFHeap9W,N/A
Fallen Leaf,Soulfeed,26,4VbCk0dEDXrxRzIMJaZhpe,N/A
Transmission - Joris Voorn Remix,Eelke Kleijn,56,6ziqWx82jgkQYhyIALoraH,N/A
Arrival,Einmusik,0,3YDBOFmBEk19AS4t4gwpXq,N/A
Not Alone - Radio Edit,Jordan Arts,22,3ci8RfAsik7iP8g14eOXZO,N/A
Innerer Frieden,UMANNTO,21,4ThYZ8TijTXOWyrdwNRsBK,N/A
Brown Eyes - Radio Edit,Matara,21,3mWeRqLriMGLlRmnQJYANb,N/A
Galactic Peace,Think City,22,4BOm8QpadYPW9oc6lNInIA,N/A
Grey Skies - Pandhora Remix Edit,Crimsen,21,0Z4Tr9BV7lO7xz5bPtF0Pd,N/A
Dreaming - Radio Edit,Jordan Arts,21,6QuDP1bcBb3bBB6TO31YlT,N/A
Bloom At Night,Miss Monique,51,1Hz5ZPQxC6esErNVN4cxr6,N/A
Time Machine,Eelke Kleijn,35,2W95I0bLSIEyuMepqUO522,N/A
Because You Move Me,Tinlicker,75,05GvwwTLLID738BbKN1ze0,N/A
A Place Like Home,Slow Ted,22,1tLMOzQp63txUysMEm6Yi8,N/A
Return to Oz (ARTBAT Remix) [Edit],Monolink,45,1wfB7VM8mtnDzcGJMln8Ls,N/A
Moments,Madraas,27,39qlKq5jDUf6YXUfNAaVxH,N/A
All Day & All Night,Memo Plaka,23,6GkJE6HAsdqgJaN9iabQ3A,N/A
Moments,Rïa Mehta,25,15GKW5yVo1gPeS7LpAq8fU,N/A
Falling,Jordan Arts,23,1SKful9KuNbT6FJCWmJCXO,N/A
Glue,BICEP,71,2aJDlirz6v2a4HREki98cP,N/A
Never Gone - Piemont Remix,John H,20,2WoC4Uo4HrOg7ur0UK8XHZ,N/A
Chroma,Gregor Klamra,0,3Wfs4ir7AMA9od6saZJsxV,N/A
U Remind Me - Radio Edit,Weekend Heroes,19,3N6bayIOZpdhUElG1R7TPD,N/A
Homesick,HOVR,0,7rDngJ9BCSFLPrkPNRuNDF,N/A
Let Go,Naarly,32,5n0OA6uY8q3KB2EgNqDDsz,N/A
Teenage Crime - Francis Mercier Edit,Arodes,55,3purp0mi18IzqJHsVNteqU,N/A
Don't Look Back - Radio Edit,Jordan Arts,21,5rztLKq9aH9YYNGhzZnKJx,N/A
Vemode,MOLØ,0,53zokuN0GHq2ULyDB8Ogdl,N/A
Oasis,Michael Anthony,23,0Zdosq3zMNZzP3UIPq5oWo,N/A
Limba,Einmusik,0,4bGh9ITVoiSTrtLg0h1PQo,N/A
Sordid Affair - Maceo Plex Remix,Röyksopp,0,6zZ4KgflmdCnctGl4fGXAO,N/A
Confusion - Laolu Remix,&ME,27,0gW9YhNYDotXXqWIwA40kE,N/A
A Week In Rome,Zank,21,41UxuFWs5DgsqZRMFPbM6q,N/A
Deep House on the Prarie,Mariner + Domingo,23,5R2jWNYneOCO7Goqcl4Rvo,N/A
Be Alive,André Moret,20,2fRXZHrKJcqfTB1sWH23ay,N/A
Emerge,Joseph Crime,0,2YFmK4Y95hxOlTKRSugyOT,N/A
Faith,Ceylon,20,1F4GF3KTt2Dc9K5eJay5RV,N/A
Hyper Dream,Weird Sounding Dude,30,17IjH1P9ctjuS2Eji1MQLt,N/A
Farewell,Spieltape,27,78BRyUY9bLaeG0ye7VCx9B,N/A
Reborn - Sean Ae Remix,Rïa Mehta,19,1ea1X8EivCK1RUY3Y4G6zh,N/A
Nassau,Einmusik,0,2zR4OLdZOEgGb2QmJN1MMG,N/A
Monday Blues - Radio Edit,Eric Sharp,26,2ncPS1dhuxuscuaGKoSVn2,N/A
Grey Skies - Gorge Remix,Crimsen,22,6APo47snjuFBLCNL7Zv6iw,N/A
Feeling Good,Hypaton,63,2rtkijCiF44Uy4EqBhOsQP,N/A
I'll Be Here,Sultan + Shepard,49,5UTjWT7qr0ltzTTzifQETi,N/A
Pegasus,MEDUZA,60,6G0ldVNlhQf82Rf3pWjAyQ,N/A
Drifting,Jordan Arts,22,5G6sngbMgbho77Wqn3pXlc,N/A
Stone Flower - Original,Namito,34,1QrxggFof36TcpeREbDAXI,N/A
Silver - Music P & Marque Aurel Remix,Alexander Bollinger,20,4zZ0z2bbKBzdhvgpkWlUoO,N/A
Electricity,Vintage Culture,56,2xPg0pFQD7W4Ds3queL5D9,N/A
